"ID","Name","Email","Phone Number","Salary","Role","Department","Job Title"
"11","abirami","abi@gmail.com","1234567890","55000.0","Developer","Engineering","Software Engineer"
"12","User2","user2@gmail.com","1111111111","null","Developer","IT","Software Engineer"
"13","User3","user3@gmail.com","1111111111","null","Developer","IT","Software Engineer"
"14","User4","user4@gmail.com","1111111111","null","Data Analyst","Analytics","Data Scientist"
"15","User5","user5@gmail.com","1111111111","null","Data Analyst","Analytics","Data Scientist"
"16","User6","user6@gmail.com","1111111111","null","Business Analyst","Business Intelligence","Data Scientist"
"17","User7","user7@gmail.com","1111111111","null","Business Analyst","Business Intelligence","Data Scientist"
"18","User8","user8@gmail.com","1111111111","null","HR","Human Resources","HR Coordinator"
"19","User9","user9@gmail.com","1111111111","null","HR","Human Resources","Recruitment Specialist"
"20","User10","user10@gmail.com","1111111111","null","HR","Human Resources","HR Generalist"
"21","User11","user11@gmail.com","1111111111","null","HR","Human Resources","Talent Acquisition Specialist"
"22","User12","user12@gmail.com","1111111111","null","HR","Human Resources","Employee Relations Manager"
"23","User13","user13@gmail.com","1111111111","null","Developer","IT","Software Engineer"
"24","User14","user14@gmail.com","1111111111","null","Developer","IT","Software Engineer"
"25","User15","user15@gmail.com","1111111111","null","Data Analyst","Analytics","Data Scientist"
"27","abi","john.doe@example.com","1234567890","55000.0","Developer","Engineering","Software Engineer"
